"","Taxon_final","latitude","longitude","db","type","institute","sample_number","record_identifier","status","genus","country","locality","improvement"
"1","Cucurbita_okeechobeensis_subsp._martinezii",24.0194444,-103.9216666,"CWR_OCC","H","Bioversity","","2018572","","Cucurbita","Mexico","","cultivated"
"2","Cucurbita_okeechobeensis_subsp._martinezii",24.0194444,-103.9216666,"CWR_OCC","H","Bioversity","","2018573","","Cucurbita","Mexico","","cultivated"
"3","Cucurbita_okeechobeensis_subsp._martinezii",19.3333,-96.6667,"CWR_OCC","H","Bioversity","1882717","2416954","","Cucurbita","Mexico","",""
"4","Cucurbita_okeechobeensis_subsp._martinezii",19.3333,-96.6667,"CWR_OCC","H","Bioversity","1902778","2416955","","Cucurbita","Mexico","",""
"5","Cucurbita_okeechobeensis_subsp._martinezii",19.3333,-96.6667,"CWR_OCC","H","Bioversity","1964466","2416956","","Cucurbita","Mexico","",""
"6","Cucurbita_okeechobeensis_subsp._martinezii",19.3333,-96.6667,"CWR_OCC","H","Bioversity","1964467","2416957","","Cucurbita","Mexico","",""
"7","Cucurbita_okeechobeensis_subsp._martinezii",19.3333,-96.6667,"CWR_OCC","H","Bioversity","1972073","2416958","","Cucurbita","Mexico","",""
"8","Cucurbita_okeechobeensis_subsp._martinezii",19.3333,-96.6667,"CWR_OCC","H","Bioversity","1972091","2416959","","Cucurbita","Mexico","",""
"9","Cucurbita_okeechobeensis_subsp._martinezii",19.3333,-96.6667,"CWR_OCC","H","Bioversity","2042665","2416960","","Cucurbita","Mexico","",""
"10","Cucurbita_okeechobeensis_subsp._martinezii",20.6218,-98.8369,"CWR_OCC","G","Bioversity","","2630024","","Cucurbita","Mexico","Mexico:Hidalgo State:Metztitlan","wild"
"11","Cucurbita_okeechobeensis_subsp._martinezii",20.43333333,-97.8,"CWR_OCC","H","Bioversity","","3072720","","Cucurbita","Mexico","Along Ro San Marcos  3.5 km. W of Piedras Negras",""
"12","Cucurbita_okeechobeensis_subsp._martinezii",21.46888889,-98.95166667,"CWR_OCC","H","Bioversity","","3079625","","Cucurbita","Mexico","Gourd found floating in Ro Huichyhuan (before it turns into Ro Axtla) near toen of Chimalaco (south of Cd. Valles) on Hwy 85  road marker #35",""
"13","Cucurbita_okeechobeensis_subsp._martinezii",21.46888889,-98.95166667,"CWR_OCC","H","Bioversity","","3079626","","Cucurbita","Mexico","Gourd found floating in Ro Huichyhuan (before it turns into Ro Axtla) near toen of Chimalaco (south of Cd. Valles) on Hwy 85  road marker #35",""
"14","Cucurbita_okeechobeensis_subsp._martinezii",16.906388,-92.093744,"CWR_OCC","H","Andres","PI 532371","19433655","","Cucurbita","Mexico","17 km. NW of Ocosingo",""
"15","Cucurbita_okeechobeensis_subsp._martinezii",16.495117,-92.743778,"CWR_OCC","H","Andres","PI 532370","19433659","","Cucurbita","Mexico","5 km. WNW of Yabetclum  at turnoff to Las Limas",""
"16","Cucurbita_okeechobeensis_subsp._martinezii",16.894036,-92.626938,"CWR_OCC","H","Andres","","19433660","","Cucurbita","Mexico","5 km. N of Chenalho",""
"17","Cucurbita_okeechobeensis_subsp._martinezii",18.766578,-96.254536,"CWR_OCC","H","Andres","","19433681","","Cucurbita","Mexico","km. 2 on road from Las Trancas-Coatepec",""
"18","Cucurbita_okeechobeensis_subsp._martinezii",18.806149,-97.177768,"CWR_OCC","H","Andres","","19433693","","Cucurbita","Mexico","on Cerro Amarillo  2 km. from Santa Rosa Sur",""
"19","Cucurbita_okeechobeensis_subsp._martinezii",19.45443,-96.750087,"CWR_OCC","H","Andres","PI 532372","19433695","","Cucurbita","Mexico","along hwy. Mex. 140  1 km. SE of Corral Falso",""
"20","Cucurbita_okeechobeensis_subsp._martinezii",19.460814,-96.756858,"CWR_OCC","H","Andres","","19433696","","Cucurbita","Mexico","1 km. S of Corral Falso on road to Pinoltepec",""
"21","Cucurbita_okeechobeensis_subsp._martinezii",19.460814,-96.756858,"CWR_OCC","H","Andres","","19433697","","Cucurbita","Mexico","1 km. N and NE of Corral Falso",""
"22","Cucurbita_okeechobeensis_subsp._martinezii",18.915212,-96.77973,"CWR_OCC","H","Andres","","19433700","","Cucurbita","Mexico","near sugar plantation and bridge over a small tributary of the Ro Atoyac  2.5 km. (by air) NE of Atoyac",""
"23","Cucurbita_okeechobeensis_subsp._martinezii",19.437831,-96.977182,"CWR_OCC","H","Andres","PI 532368","19433704","","Cucurbita","Mexico","Jardin Botanico  INIREB  2.5 km. SW of southwest side of Xalapa along old road to Coatepec",""
"24","Cucurbita_okeechobeensis_subsp._martinezii",19.453791,-96.960256,"CWR_OCC","H","Andres","","19433705","","Cucurbita","Mexico","2 km. SW of Xalapa on old road to Coatepec  across road from entrance to Jardin Botanico Clavijero",""
"25","Cucurbita_okeechobeensis_subsp._martinezii",19.466667,-96.95,"CWR_OCC","H","Andres","","19433706","","Cucurbita","Mexico","at bridge over Ro Pixquiac  vic. Consolapan  3 km. N of Coatpec on old road to Jalapa",""
"26","Cucurbita_okeechobeensis_subsp._martinezii",19.532063,-96.931257,"CWR_OCC","H","Andres","","19433707","","Cucurbita","Mexico","Jardin Botanico Clavijero  2 km. SW of Xalapa on old road to Coatepec",""
"27","Cucurbita_okeechobeensis_subsp._martinezii",19.021312,-97.031777,"CWR_OCC","H","Andres","","19433711","","Cucurbita","Mexico","gorge of Ro Tliapa  4 km. (by air) SE of Coscomatepec on road to Chocaman  1 km. N of Chocaman",""
"28","Cucurbita_okeechobeensis_subsp._martinezii",20.794586,-97.688861,"CWR_OCC","H","Andres","","19433720","","Cucurbita","Mexico","one km. N of Miquetla  13 km. S of Alamo",""
"29","Cucurbita_okeechobeensis_subsp._martinezii",20.441286,-97.795723,"CWR_OCC","H","Andres","","19433722","","Cucurbita","Mexico","along Ro San Marcos  3.5 km. W of Piedras Negras",""
"30","Cucurbita_okeechobeensis_subsp._martinezii",20.204422,-98.020218,"CWR_OCC","H","Andres","PI 532364","19433723","","Cucurbita","Mexico","ca. 5 km. NE of Huauchinango on road (hwy. Mex. 130) to Nuevo Necaxa",""
"31","Cucurbita_okeechobeensis_subsp._martinezii",21.251514,-98.782467,"CWR_OCC","H","Andres","PI 532363","19433737","","Cucurbita","Mexico","1 km. WSW of Tamazunchale along Ro Moctezuma",""
"32","Cucurbita_okeechobeensis_subsp._martinezii",20.430466,-97.381831,"CWR_OCC","H","Andres","","19433808","","Cucurbita","Mexico","Tajin",""
"33","Cucurbita_okeechobeensis_subsp._martinezii",19.402527,-96.863597,"CWR_OCC","H","Andres","","19434360","","Cucurbita","Mexico","Rancho Alchochuca  Tuzamapan  Coatepec",""
"34","Cucurbita_okeechobeensis_subsp._martinezii",21.353692,-98.227251,"CWR_OCC","H","Andres","","19434361","","Cucurbita","Mexico","near Tantoyuca",""
"35","Cucurbita_okeechobeensis_subsp._martinezii",21.086496,-97.863096,"CWR_OCC","H","Andres","PI 442205","19434362","","Cucurbita","Mexico","Carretera 140  1 km. E of Corral Falso  2 km. E of Miradoro",""
"36","Cucurbita_okeechobeensis_subsp._martinezii",20.430466,-97.381831,"CWR_OCC","H","Andres","","19434363","","Cucurbita","Mexico","Tajin",""
"37","Cucurbita_okeechobeensis_subsp._martinezii",19.423611,-96.363889,"CWR_OCC","H","Andres","","19434364","","Cucurbita","Mexico","Rancho El Porvenir",""
"38","Cucurbita_okeechobeensis_subsp._martinezii",17.062726,-92.721471,"CWR_OCC","H","Andres","","19434366","","Cucurbita","Mexico","above Simojovel de Allende near El Bosque",""
"39","Cucurbita_okeechobeensis_subsp._martinezii",22.278167,-97.867723,"CWR_OCC","H","Andres","","19434368","","Cucurbita","Mexico","vicinity of Tampico",""
"40","Cucurbita_okeechobeensis_subsp._martinezii",19.402527,-96.863597,"CWR_OCC","H","Andres","","19434369","","Cucurbita","Mexico","near Tuzamapan  bridge over the river of Los Pescados",""
"41","Cucurbita_okeechobeensis_subsp._martinezii",18.5,-95.966667,"CWR_OCC","H","Andres","","19434370","","Cucurbita","Mexico","along the Tanat River at Habenal  paraje of Mahbenchauk",""
"42","Cucurbita_okeechobeensis_subsp._martinezii",18.9,-97,"CWR_OCC","H","Andres","PI 438698","19434371","","Cucurbita","Mexico","along road at edge of Fortin de las Flores",""
"43","Cucurbita_okeechobeensis_subsp._martinezii",20.821421,-98.215275,"CWR_OCC","H","Andres","","19435322","","Cucurbita","Mexico","2 km. S of bridge of San Miguel",""
"44","Cucurbita_okeechobeensis_subsp._martinezii",16.816944,-92.513056,"GBIF","H","FMNH","1418147970","1418147970","PRESERVED_SPECIMEN","Cucurbita","MX","Along the TanatÃ© River at Habenal Paraje of Mahbenchauk","wild"
"45","Cucurbita_okeechobeensis_subsp._martinezii",16.89528,-92.47583,"GBIF","H","FMNH","1421515062","1421515062","PRESERVED_SPECIMEN","Cucurbita","MX","Along the TanatÃ© River at Habenal. Paraje of Mahbenchauk.","wild"
"46","Cucurbita_okeechobeensis_subsp._martinezii",16.95,-92.633333,"GBIF","H","CNS-UT","1422196537","1422196537","PRESERVED_SPECIMEN","Cucurbita","MX","5 Km N of ChenalhÃ³","wild"
"47","Cucurbita_okeechobeensis_subsp._martinezii",16.95,-92.63333,"GBIF","H","MO","1259709214","1259709214","PRESERVED_SPECIMEN","Cucurbita","MX","5 km. N of ChenalhÃ³. Along edge of road in cultivated area  formerly forest of Pinus quercus. No fruits found.","wild"
"48","Cucurbita_okeechobeensis_subsp._martinezii",16.95,-92.61667,"GBIF","H","USA016","40612594","40612594","UNKNOWN","Cucurbita","MX","Cultivated area  formerly forest  dead vines in roadside tree  5km WMW of Yabetclum  at turnoff to Las Limas  Municipal Chenalho.","wild"
"49","Cucurbita_okeechobeensis_subsp._martinezii",16.95,-92.616667,"GBIF","H","USDA_NPGS_GRIN","1304964655","1304964655","UNKNOWN","Cucurbita","MX","","wild"
"50","Cucurbita_okeechobeensis_subsp._martinezii",16.958333,-92.625,"GBIF","H","CU","1421513357","1421513357","PRESERVED_SPECIMEN","Cucurbita","MX","5 km WNW of Yabetclum  at turnoff to Las Limas.","wild"
"51","Cucurbita_okeechobeensis_subsp._martinezii",16.958333,-92.625,"GBIF","H","CU","1418146980","1418146980","PRESERVED_SPECIMEN","Cucurbita","MX","5 km WNW of Yabetclum  at turnoff to Las Limas","wild"
"52","Cucurbita_okeechobeensis_subsp._martinezii",17.075,-92.741667,"GBIF","H","CAS","1438857713","1438857713","PRESERVED_SPECIMEN","Cucurbita","MX","Above Simojovel de Allende near El Bosque","wild"
"53","Cucurbita_okeechobeensis_subsp._martinezii",17.14,-92.71417,"GBIF","H","CAS","1421512030","1421512030","PRESERVED_SPECIMEN","Cucurbita","MX","Above Simojovel de Allende near El Bosque.","wild"
"54","Cucurbita_okeechobeensis_subsp._martinezii",17.21,-92.21,"GBIF","H","MO","1258713803","1258713803","PRESERVED_SPECIMEN","Cucurbita","MX","La Cancha (not on maps)  17 km NW of Ocosingo. Grassy dump in lowland marsh behind houses","wild"
"55","Cucurbita_okeechobeensis_subsp._martinezii",17.216667,-92.216667,"GBIF","H","CAS","1503413856","1503413856","PRESERVED_SPECIMEN","Cucurbita","MX","La Cancha (not on maps)  17 km NW of Ocosingo.","wild"
"56","Cucurbita_okeechobeensis_subsp._martinezii",17.216667,-92.216667,"GBIF","H","CNS-UT","1422120529","1422120529","PRESERVED_SPECIMEN","Cucurbita","MX","La Cancha (not on maps)  17 Km NW of Ocosingo","wild"
"57","Cucurbita_okeechobeensis_subsp._martinezii",17.216667,-92.216667,"GBIF","H","USDA_NPGS_GRIN","1304964659","1304964659","UNKNOWN","Cucurbita","MX","","wild"
"58","Cucurbita_okeechobeensis_subsp._martinezii",17.21667,-92.21667,"GBIF","H","USA016","40612596","40612596","UNKNOWN","Cucurbita","MX","Grassy dump in lowland marsh behind houses  La Cancha  17km NW of Ocosingo.","wild"
"59","Cucurbita_okeechobeensis_subsp._martinezii",17.225,-92.225,"GBIF","H","CU","1421515776","1421515776","PRESERVED_SPECIMEN","Cucurbita","MX","La Cancha (not on maps)  17 km NW of Ocosingo.","wild"
"60","Cucurbita_okeechobeensis_subsp._martinezii",17.225,-92.225,"GBIF","H","CU","1418145593","1418145593","PRESERVED_SPECIMEN","Cucurbita","MX","La Cancha (not on maps)  17 km NW of Ocosingo","wild"
"61","Cucurbita_okeechobeensis_subsp._martinezii",17.225,-92.225,"GBIF","H","INECOL","1419392804","1419392804","PRESERVED_SPECIMEN","Cucurbita","MX","La Cancha  17 km NW of Ocosingo","wild"
"62","Cucurbita_okeechobeensis_subsp._martinezii",17.33333,-95.98333,"GBIF","H","USA016","40612592","40612592","UNKNOWN","Cucurbita","MX","Bottom of steep valley near rivers  disturbed edges of tropical forest  San Juan Comaltepec  Distrito Choapan.","wild"
"63","Cucurbita_okeechobeensis_subsp._martinezii",17.333333,-95.983333,"GBIF","H","USDA_NPGS_GRIN","1304964649","1304964649","UNKNOWN","Cucurbita","MX","","wild"
"64","Cucurbita_okeechobeensis_subsp._martinezii",17.341667,-95.991667,"GBIF","H","CU","1421513183","1421513183","PRESERVED_SPECIMEN","Cucurbita","MX","San Juan Comaltepec.","wild"
"65","Cucurbita_okeechobeensis_subsp._martinezii",17.341667,-95.991667,"GBIF","H","CU","1418149371","1418149371","PRESERVED_SPECIMEN","Cucurbita","MX","San Juan Comaltepec","wild"
"66","Cucurbita_okeechobeensis_subsp._martinezii",18.42,-95.17,"GBIF","H","MO","1258547361","1258547361","PRESERVED_SPECIMEN","Cucurbita","MX","Caleria  region de Los Tuxtlas. Acahual de un aÃ±o. Calabaza","wild"
"67","Cucurbita_okeechobeensis_subsp._martinezii",18.425,-95.191667,"GBIF","H","IBUNAM","1438859359","1438859359","PRESERVED_SPECIMEN","Cucurbita","MX","RegiÃ³n de Los Tuxtlas  Caleria","wild"
"68","Cucurbita_okeechobeensis_subsp._martinezii",18.425,-95.191667,"GBIF","H","IBUNAM","1421513355","1421513355","PRESERVED_SPECIMEN","Cucurbita","MX","RegiÃ³n de Los Tuxtlas. Caleria.","wild"
"69","Cucurbita_okeechobeensis_subsp._martinezii",18.60175,-91.964167,"GBIF","H","CIBYC-UAEM","1418870867","1418870867","PRESERVED_SPECIMEN","Cucurbita","MX","Pozo Xicalango","wild"
"70","Cucurbita_okeechobeensis_subsp._martinezii",18.623806,-91.917806,"GBIF","H","CIBYC-UAEM","1438921903","1438921903","PRESERVED_SPECIMEN","Cucurbita","MX","6.5 kilÃ³metros despuÃ©s del puente sobre la carretera Ciudad del Carmen-Zacatal","wild"
"71","Cucurbita_okeechobeensis_subsp._martinezii",18.77167,-96.86917,"GBIF","H","FMNH","1421517387","1421517387","PRESERVED_SPECIMEN","Cucurbita","MX","Cuapichapa  km 2 al S del puente de San Miguel. E-3-51.","wild"
"72","Cucurbita_okeechobeensis_subsp._martinezii",18.808333,-96.741667,"GBIF","H","CIFAP-INIFAP","1418149679","1418149679","PRESERVED_SPECIMEN","Cucurbita","MX","La Gloria","wild"
"73","Cucurbita_okeechobeensis_subsp._martinezii",18.808333,-96.741667,"GBIF","H","CIRCE-CEBAJ-INIFAP","1421514809","1421514809","PRESERVED_SPECIMEN","Cucurbita","MX","La Gloria.","wild"
"74","Cucurbita_okeechobeensis_subsp._martinezii",18.840155,-96.904748,"GBIF","H","IBUNAM","1421515068","1421515068","PRESERVED_SPECIMEN","Cucurbita","MX","Entre el Cerro de Lourdes y AmatlÃ¡n.","wild"
"75","Cucurbita_okeechobeensis_subsp._martinezii",18.851111,-96.983333,"GBIF","H","FMNH","1438858801","1438858801","PRESERVED_SPECIMEN","Cucurbita","MX","Cuapichapa  km 2 al S del puente de San Miguel E-3-51","wild"
"76","Cucurbita_okeechobeensis_subsp._martinezii",18.851611,-96.983334,"GBIF","H","USDA_NPGS","1304873637","1304873637","UNKNOWN","Cucurbita","MX","Villa Union; near Fortin de las Flores","wild"
"77","Cucurbita_okeechobeensis_subsp._martinezii",18.858333,-96.908333,"GBIF","H","IBUNAM","1438857961","1438857961","PRESERVED_SPECIMEN","Cucurbita","MX","Entre el Cerro de Lourdes y AmatlÃ¡n","wild"
"78","Cucurbita_okeechobeensis_subsp._martinezii",18.870833,-96.996389,"GBIF","H","INECOL","1419513526","1419513526","PRESERVED_SPECIMEN","Cucurbita","MX","Coapichapa (Cuapichapa)  2 km al S del Puente de San Miguel","wild"
"79","Cucurbita_okeechobeensis_subsp._martinezii",18.89,-96.99,"GBIF","H","MO","1259706846","1259706846","PRESERVED_SPECIMEN","Cucurbita","MX","Near FortÃ­n along walkway from hydroelectric plant to railroad tracks. Open  mostly cleared area.","wild"
"80","Cucurbita_okeechobeensis_subsp._martinezii",18.896939,-96.997781,"GBIF","H","CNS-UT","1422262296","1422262296","PRESERVED_SPECIMEN","Cucurbita","MX","FortÃ­n de las Flores","wild"
"81","Cucurbita_okeechobeensis_subsp._martinezii",18.896944,-96.997778,"GBIF","H","INECOL","1419272252","1419272252","PRESERVED_SPECIMEN","Cucurbita","MX","FortÃ­n de Las Flores","wild"
"82","Cucurbita_okeechobeensis_subsp._martinezii",18.9,-97,"GBIF","H","USF","1675495166","1675495166","PRESERVED_SPECIMEN","Cucurbita","MX","Fortin de las Flores.","wild"
"83","Cucurbita_okeechobeensis_subsp._martinezii",18.9,-97,"GBIF","H","USDA_NPGS","1304873562","1304873562","UNKNOWN","Cucurbita","MX","Fortin de las flores","wild"
"84","Cucurbita_okeechobeensis_subsp._martinezii",18.900001,-96.964011,"GBIF","H","USDA_NPGS","1304873586","1304873586","UNKNOWN","Cucurbita","MX","Collected on the outskirts of Fortin des Flores. E of city near railroad tracks","wild"
"85","Cucurbita_okeechobeensis_subsp._martinezii",18.908333,-97.025,"GBIF","H","MOBOT","1421513965","1421513965","PRESERVED_SPECIMEN","Cucurbita","MX","Near FortÃ­n.","wild"
"86","Cucurbita_okeechobeensis_subsp._martinezii",18.908333,-97.025,"GBIF","H","MOBOT","1418147047","1418147047","PRESERVED_SPECIMEN","Cucurbita","MX","Near FortÃ­n  along road at edge of FortÃ­n de Las Flores","wild"
"87","Cucurbita_okeechobeensis_subsp._martinezii",18.908333,-97.025,"GBIF","H","NPGS-ARS-USDA","1421513848","1421513848","PRESERVED_SPECIMEN","Cucurbita","MX","Along road at edge of FortÃ­n de Las Flores.","wild"
"88","Cucurbita_okeechobeensis_subsp._martinezii",18.908333,-97.025,"GBIF","H","NPGS-ARS-USDA","1418147493","1418147493","PRESERVED_SPECIMEN","Cucurbita","MX","Along road at edge of FortÃ­n de Las Flores","wild"
"89","Cucurbita_okeechobeensis_subsp._martinezii",18.908333,-97.008333,"GBIF","H","CU","1421517302","1421517302","PRESERVED_SPECIMEN","Cucurbita","MX","Fortin de Las Flores.","wild"
"90","Cucurbita_okeechobeensis_subsp._martinezii",18.908333,-96.991667,"GBIF","H","CIFAP-INIFAP","1418148580","1418148580","PRESERVED_SPECIMEN","Cucurbita","MX","Manzanillo  about 8.8 mi along the road from Potrero Viejo (W of Cordoba) to Manzanillo","wild"
"91","Cucurbita_okeechobeensis_subsp._martinezii",18.908333,-96.925,"GBIF","H","CIFAP-INIFAP","1418145826","1418145826","PRESERVED_SPECIMEN","Cucurbita","MX","FortÃ­n de Las Flores","wild"
"92","Cucurbita_okeechobeensis_subsp._martinezii",18.908333,-96.925,"GBIF","H","CIRCE-CEBAJ-INIFAP","1421514522","1421514522","PRESERVED_SPECIMEN","Cucurbita","MX","FortÃ­n de las Flores.","wild"
"93","Cucurbita_okeechobeensis_subsp._martinezii",18.908333,-96.925,"GBIF","H","CU","1418145806","1418145806","PRESERVED_SPECIMEN","Cucurbita","MX","FortÃ­n de Las Flores","wild"
"94","Cucurbita_okeechobeensis_subsp._martinezii",18.908333,-96.775,"GBIF","H","CU","1421515268","1421515268","PRESERVED_SPECIMEN","Cucurbita","MX","Atoyac.","wild"
"95","Cucurbita_okeechobeensis_subsp._martinezii",18.908333,-96.775,"GBIF","H","CU","1418148583","1418148583","PRESERVED_SPECIMEN","Cucurbita","MX","Atoyac","wild"
"96","Cucurbita_okeechobeensis_subsp._martinezii",18.916667,-97,"GBIF","H","USDA_NPGS_GRIN","1304964719","1304964719","UNKNOWN","Cucurbita","MX","","wild"
"97","Cucurbita_okeechobeensis_subsp._martinezii",18.91667,-97,"GBIF","H","USA016","205718914","205718914","UNKNOWN","Cucurbita","MX","Along road at edge Fortin de las Flores  Veracruz","wild"
"98","Cucurbita_okeechobeensis_subsp._martinezii",18.931547,-96.760683,"GBIF","H","CNS-UT","1422225759","1422225759","PRESERVED_SPECIMEN","Cucurbita","MX","RÃ­o Atoyac  2.5 Km (by Air) NE of Atoyac","wild"
"99","Cucurbita_okeechobeensis_subsp._martinezii",18.93333,-96.76666,"GBIF","H","MO","1259707774","1259707774","PRESERVED_SPECIMEN","Cucurbita","MX","Mun. Paso del Macho  near sugar plantation and bridge over a small tributary of the RÃ­o Atoyac  2.5km (by air) NE of Atoyac.","wild"
"100","Cucurbita_okeechobeensis_subsp._martinezii",18.941667,-99.041667,"GBIF","H","ENCB-IPN","1421515644","1421515644","PRESERVED_SPECIMEN","Cucurbita","MX","Rancho El Porvenir.","wild"
"101","Cucurbita_okeechobeensis_subsp._martinezii",18.941667,-96.775,"GBIF","H","CU","1421515510","1421515510","PRESERVED_SPECIMEN","Cucurbita","MX","Bridge over a small tributary of RÃ­o Atoyac  2.5 km (by air) NE of Atoyac.","wild"
"102","Cucurbita_okeechobeensis_subsp._martinezii",18.941667,-96.775,"GBIF","H","CU","1418148937","1418148937","PRESERVED_SPECIMEN","Cucurbita","MX","Bridge over a small tributary of RÃ­o Atoyac  2.5 km (by air) NE of Atoyac","wild"
"103","Cucurbita_okeechobeensis_subsp._martinezii",18.958056,-91.175278,"GBIF","H","CIBYC-UAEM","1438921823","1438921823","PRESERVED_SPECIMEN","Cucurbita","MX","1 kilÃ³metro al sur del poblado de Sabancuy","wild"
"104","Cucurbita_okeechobeensis_subsp._martinezii",18.975,-96.858333,"GBIF","H","CIRCE-CEBAJ-INIFAP","1421515842","1421515842","PRESERVED_SPECIMEN","Cucurbita","MX","Manzanillo.","wild"
"105","Cucurbita_okeechobeensis_subsp._martinezii",18.986083,-91.156222,"GBIF","H","CIBYC-UAEM","1438922664","1438922664","PRESERVED_SPECIMEN","Cucurbita","MX","2.5 kilÃ³metros de Sabancuy sobre la calle Marina","wild"
"106","Cucurbita_okeechobeensis_subsp._martinezii",19.0225,-91.086111,"GBIF","H","CIBYC-UAEM","1438921683","1438921683","PRESERVED_SPECIMEN","Cucurbita","MX","500 metros al norte de la desviaciÃ³n del Rancho Nohan  la Compuerta aguada de Trucha","wild"
"107","Cucurbita_okeechobeensis_subsp._martinezii",19.025056,-91.089306,"GBIF","H","CIBYC-UAEM","1438922417","1438922417","PRESERVED_SPECIMEN","Cucurbita","MX","1 kilÃ³metro al sureste del Rancho Nohan en el crucero de la desviaciÃ³n del rancho","wild"
"108","Cucurbita_okeechobeensis_subsp._martinezii",19.041667,-97.025,"GBIF","H","FMNH","1438858635","1438858635","PRESERVED_SPECIMEN","Cucurbita","MX","Gorge of RÃ­o Tliapa  4 km (by air) SE of Coscomatepec or road to Chocaman  1 km N of Chocoman","wild"
"109","Cucurbita_okeechobeensis_subsp._martinezii",19.041667,-97.025,"GBIF","H","FMNH","1421512463","1421512463","PRESERVED_SPECIMEN","Cucurbita","MX","Gorge of RÃ­o Tliapa  4 km (by air) SE of Coscomatepec or road to Chocaman  1 km N of Chocoman.","wild"
"110","Cucurbita_okeechobeensis_subsp._martinezii",19.06666,-97.03333,"GBIF","H","MO","1259710540","1259710540","PRESERVED_SPECIMEN","Cucurbita","MX","Wild in the village.","wild"
"111","Cucurbita_okeechobeensis_subsp._martinezii",19.071667,-97.046111,"GBIF","H","INECOL","1419410336","1419410336","PRESERVED_SPECIMEN","Cucurbita","MX","Coscomatepec","wild"
"112","Cucurbita_okeechobeensis_subsp._martinezii",19.071667,-97.046111,"GBIF","H","INECOL","1419410439","1419410439","PRESERVED_SPECIMEN","Cucurbita","MX","Coscomatepec","wild"
"113","Cucurbita_okeechobeensis_subsp._martinezii",19.075,-97.041667,"GBIF","H","CU","1421512383","1421512383","PRESERVED_SPECIMEN","Cucurbita","MX","Coscomatepec.","wild"
"114","Cucurbita_okeechobeensis_subsp._martinezii",19.075,-97.041667,"GBIF","H","CU","1418148605","1418148605","PRESERVED_SPECIMEN","Cucurbita","MX","Coscomatepec","wild"
"115","Cucurbita_okeechobeensis_subsp._martinezii",19.083333,-97.033333,"GBIF","H","USDA_NPGS","1304873589","1304873589","UNKNOWN","Cucurbita","MX","Coscomatepec","wild"
"116","Cucurbita_okeechobeensis_subsp._martinezii",19.227312,-96.243718,"GBIF","H","USDA_NPGS","1304873566","1304873566","UNKNOWN","Cucurbita","MX","Between Veracruz and Xalopa  3.7 km E of Miradores on highway 40","wild"
"117","Cucurbita_okeechobeensis_subsp._martinezii",19.241667,-96.325,"GBIF","H","FMNH","1438858890","1438858890","PRESERVED_SPECIMEN","Cucurbita","MX","Las Trancas  km 2 carretera vieja Las Trancas-Coatepec","wild"
"118","Cucurbita_okeechobeensis_subsp._martinezii",19.241667,-96.325,"GBIF","H","FMNH","1421515416","1421515416","PRESERVED_SPECIMEN","Cucurbita","MX","Las Trancas. Km 2 carr. vieja Las Trancas-Coatepec.","wild"
"119","Cucurbita_okeechobeensis_subsp._martinezii",19.324457,-96.903212,"GBIF","H","USDA_NPGS","1304873614","1304873614","UNKNOWN","Cucurbita","MX","Near bridge at turn-off to Las Lomas on Coatepec-Totula road","wild"
"120","Cucurbita_okeechobeensis_subsp._martinezii",19.3333,-96.6667,"GBIF","H","F","1228526911","1228526911","PRESERVED_SPECIMEN","Cucurbita","MX","","wild"
"121","Cucurbita_okeechobeensis_subsp._martinezii",19.3333,-96.6667,"GBIF","H","F","1228509744","1228509744","PRESERVED_SPECIMEN","Cucurbita","MX","","wild"
"122","Cucurbita_okeechobeensis_subsp._martinezii",19.3333,-96.6667,"GBIF","H","F","1228465995","1228465995","PRESERVED_SPECIMEN","Cucurbita","MX","","wild"
"123","Cucurbita_okeechobeensis_subsp._martinezii",19.3333,-96.6667,"GBIF","H","F","1228459939","1228459939","PRESERVED_SPECIMEN","Cucurbita","MX","","wild"
"124","Cucurbita_okeechobeensis_subsp._martinezii",19.3333,-96.6667,"GBIF","H","F","1228328193","1228328193","PRESERVED_SPECIMEN","Cucurbita","MX","","wild"
"125","Cucurbita_okeechobeensis_subsp._martinezii",19.3333,-96.6667,"GBIF","H","F","1228323544","1228323544","PRESERVED_SPECIMEN","Cucurbita","MX","","wild"
"126","Cucurbita_okeechobeensis_subsp._martinezii",19.3333,-96.6667,"GBIF","H","F","1228165903","1228165903","PRESERVED_SPECIMEN","Cucurbita","MX","","wild"
"127","Cucurbita_okeechobeensis_subsp._martinezii",19.3333,-96.6667,"GBIF","H","Bioversity","1302638207","1302638207","UNKNOWN","Cucurbita","MX","","wild"
"128","Cucurbita_okeechobeensis_subsp._martinezii",19.3333,-96.6667,"GBIF","H","Bioversity","1302637233","1302637233","UNKNOWN","Cucurbita","MX","","wild"
"129","Cucurbita_okeechobeensis_subsp._martinezii",19.3333,-96.6667,"GBIF","H","Bioversity","1302637208","1302637208","UNKNOWN","Cucurbita","MX","","wild"
"130","Cucurbita_okeechobeensis_subsp._martinezii",19.3333,-96.6667,"GBIF","H","Bioversity","1302637184","1302637184","UNKNOWN","Cucurbita","MX","","wild"
"131","Cucurbita_okeechobeensis_subsp._martinezii",19.3333,-96.6667,"GBIF","H","Bioversity","1302637158","1302637158","UNKNOWN","Cucurbita","MX","","wild"
"132","Cucurbita_okeechobeensis_subsp._martinezii",19.3333,-96.6667,"GBIF","H","Bioversity","1302637135","1302637135","UNKNOWN","Cucurbita","MX","","wild"
"133","Cucurbita_okeechobeensis_subsp._martinezii",19.3333,-96.6667,"GBIF","H","Bioversity","1302637107","1302637107","UNKNOWN","Cucurbita","MX","","wild"
"134","Cucurbita_okeechobeensis_subsp._martinezii",19.340833,-96.361389,"GBIF","H","INECOL","1419455803","1419455803","PRESERVED_SPECIMEN","Cucurbita","MX","Carretera a Salmoral","wild"
"135","Cucurbita_okeechobeensis_subsp._martinezii",19.408333,-96.875,"GBIF","H","IRENAT-CP","1421515076","1421515076","PRESERVED_SPECIMEN","Cucurbita","MX","Cerca de Tuzamapan. Puente sobre el RÃ­o Los Pescados.","wild"
"136","Cucurbita_okeechobeensis_subsp._martinezii",19.408333,-96.875,"GBIF","H","IRENAT-CP","1418149309","1418149309","PRESERVED_SPECIMEN","Cucurbita","MX","Tuzamapan  Rancho Alchochuca","wild"
"137","Cucurbita_okeechobeensis_subsp._martinezii",19.408333,-96.875,"GBIF","H","IRENAT-CP","1418148320","1418148320","PRESERVED_SPECIMEN","Cucurbita","MX","Cerca de Tuzamapan  Puente sobre el RÃ­o Los Pescados","wild"
"138","Cucurbita_okeechobeensis_subsp._martinezii",19.408333,-92.875,"GBIF","H","IRENAT-CP","1421512031","1421512031","PRESERVED_SPECIMEN","Cucurbita","MX","Tuzamapan. Rancho Alchochuca.","wild"
"139","Cucurbita_okeechobeensis_subsp._martinezii",19.425,-97.025,"GBIF","H","IBUNAM","1421517196","1421517196","PRESERVED_SPECIMEN","Cucurbita","MX","Barranca de Texolo  debajo del puente.","wild"
"140","Cucurbita_okeechobeensis_subsp._martinezii",19.441667,-96.825,"GBIF","H","ENCB-IPN","1438857668","1438857668","PRESERVED_SPECIMEN","Cucurbita","MX","Rancho El Porvenir  Dos RÃ­os","wild"
"141","Cucurbita_okeechobeensis_subsp._martinezii",19.441667,-96.691667,"GBIF","H","INECOL","1419366235","1419366235","PRESERVED_SPECIMEN","Cucurbita","MX","Dos RÃ­os  along Hwy 140  1 km SE of Corral Falso","wild"
"142","Cucurbita_okeechobeensis_subsp._martinezii",19.45,-96.733333,"GBIF","H","USDA_NPGS_GRIN","1304964674","1304964674","UNKNOWN","Cucurbita","MX","","wild"
"143","Cucurbita_okeechobeensis_subsp._martinezii",19.45,-96.73333,"GBIF","H","USA016","40612598","40612598","UNKNOWN","Cucurbita","MX","Pasture  along fencerow and irrigation ditch  along hwy. Mex. 140  1 km SE of Corral Falso  Municipal Dos Rios.","wild"
"144","Cucurbita_okeechobeensis_subsp._martinezii",19.456945,-96.744646,"GBIF","H","USDA_NPGS","1304873612","1304873612","UNKNOWN","Cucurbita","MX","Carretera 140  1 km E of Corral Falso  2 km E of Miradoro","wild"
"145","Cucurbita_okeechobeensis_subsp._martinezii",19.458333,-96.775,"GBIF","H","CIRCE-CEBAJ-INIFAP","1421517080","1421517080","PRESERVED_SPECIMEN","Cucurbita","MX","Carrereta 140  Corral Falso.","wild"
"146","Cucurbita_okeechobeensis_subsp._martinezii",19.458333,-96.775,"GBIF","H","CIRPAC-INIFAP","1418148205","1418148205","PRESERVED_SPECIMEN","Cucurbita","MX","Carrereta 140  Corral Falso","wild"
"147","Cucurbita_okeechobeensis_subsp._martinezii",19.458333,-96.758333,"GBIF","H","CU","1421515501","1421515501","PRESERVED_SPECIMEN","Cucurbita","MX","1 km S of Corral Falso on road to Pinoltepec.","wild"
"148","Cucurbita_okeechobeensis_subsp._martinezii",19.458333,-96.758333,"GBIF","H","CU","1418149173","1418149173","PRESERVED_SPECIMEN","Cucurbita","MX","1 km S of Corral Falso on road to Pinoltepec  Dos RÃ­os","wild"
"149","Cucurbita_okeechobeensis_subsp._martinezii",19.458333,-96.741667,"GBIF","H","CU","1421512455","1421512455","PRESERVED_SPECIMEN","Cucurbita","MX","Along Hwy. Mex. 140  1 km SE of Corral Falso.","wild"
"150","Cucurbita_okeechobeensis_subsp._martinezii",19.458333,-96.741667,"GBIF","H","CU","1418145912","1418145912","PRESERVED_SPECIMEN","Cucurbita","MX","Highway 140  1 km E of Corral Falso  2 km E of El Mirador  Dos RÃ­os","wild"
"151","Cucurbita_okeechobeensis_subsp._martinezii",19.458333,-96.741667,"GBIF","H","NPGS-ARS-USDA","1421515529","1421515529","PRESERVED_SPECIMEN","Cucurbita","MX","Hwy. 140  1 km E of Corral Falso  2 km E of El Mirador.","wild"
"152","Cucurbita_okeechobeensis_subsp._martinezii",19.458333,-96.741667,"GBIF","H","NPGS-ARS-USDA","1418145939","1418145939","PRESERVED_SPECIMEN","Cucurbita","MX","Highway 140  1 km E of Corral Falso  2 km E of El Mirador  Dos RÃ­os","wild"
"153","Cucurbita_okeechobeensis_subsp._martinezii",19.459444,-96.756667,"GBIF","H","INECOL","1419340317","1419340317","PRESERVED_SPECIMEN","Cucurbita","MX","1 km S of Corral Falso on road to Pinoltepec","wild"
"154","Cucurbita_okeechobeensis_subsp._martinezii",19.46666,-96.75,"GBIF","H","MO","1259708832","1259708832","PRESERVED_SPECIMEN","Cucurbita","MX","Mun. Dos RÃ­os  Barranca de San Antonio  1 km N and NE of Corral Falso.","wild"
"155","Cucurbita_okeechobeensis_subsp._martinezii",19.475,-96.958333,"GBIF","H","IBUNAM","1438859006","1438859006","PRESERVED_SPECIMEN","Cucurbita","MX","Puente en la salida de Coatepec a Xalapa","wild"
"156","Cucurbita_okeechobeensis_subsp._martinezii",19.475,-96.958333,"GBIF","H","IBUNAM","1421515409","1421515409","PRESERVED_SPECIMEN","Cucurbita","MX","Puente en la salida de Coatepec a Xalapa.","wild"
"157","Cucurbita_okeechobeensis_subsp._martinezii",19.475,-96.758333,"GBIF","H","CU","1421515573","1421515573","PRESERVED_SPECIMEN","Cucurbita","MX","Barranca de San Antonio  1 km N and NE of Corral Falso.","wild"
"158","Cucurbita_okeechobeensis_subsp._martinezii",19.475,-96.758333,"GBIF","H","CU","1418148575","1418148575","PRESERVED_SPECIMEN","Cucurbita","MX","Barranca de San Antonio  1 km N and NE of Corral Falso  Dos RÃ­os","wild"
"159","Cucurbita_okeechobeensis_subsp._martinezii",19.475,-96.758333,"GBIF","H","INECOL","1438860126","1438860126","PRESERVED_SPECIMEN","Cucurbita","MX","Rancho La Laguna a 1 km del RÃ­o Sordo  carretera nueva de Xalapa a Coatepec","wild"
"160","Cucurbita_okeechobeensis_subsp._martinezii",19.475,-96.758333,"GBIF","H","INECOL","1421514264","1421514264","PRESERVED_SPECIMEN","Cucurbita","MX","Rancho La Laguna a 1 km del RÃ­o Sordo  carretera nueva de Xalapa a Coatepec.","wild"
"161","Cucurbita_okeechobeensis_subsp._martinezii",19.481944,-96.943611,"GBIF","H","INECOL","1419322958","1419322958","PRESERVED_SPECIMEN","Cucurbita","MX","3 km N of Coatepec on old road to Xalapa  at bridge over RÃ­o Pixquiac","wild"
"162","Cucurbita_okeechobeensis_subsp._martinezii",19.4833,-96.95,"GBIF","H","USF","1675495168","1675495168","PRESERVED_SPECIMEN","Cucurbita","MX","At bridge over Rio Pixquiac  vic. Consolapan  3 km N of Coatpec on old road to Jalapa.","wild"
"163","Cucurbita_okeechobeensis_subsp._martinezii",19.48333,-96.95,"GBIF","H","MO","1259710964","1259710964","PRESERVED_SPECIMEN","Cucurbita","MX","At bridge over RÃ­o Pixquiac  vic. Consolapan  3 km. N of Coatepec on old road to Jalapa.","wild"
"164","Cucurbita_okeechobeensis_subsp._martinezii",19.491667,-96.958333,"GBIF","H","CU","1421515523","1421515523","PRESERVED_SPECIMEN","Cucurbita","MX","At bridge over RÃ­o Pixquiac  vicinity of Consolapan  3 km N of Coatepec on old road to Jalapa.","wild"
"165","Cucurbita_okeechobeensis_subsp._martinezii",19.491667,-96.958333,"GBIF","H","CU","1418149079","1418149079","PRESERVED_SPECIMEN","Cucurbita","MX","At bridge over RÃ­o Pixquiac  vicinity of Consolapan  3 km N of Coatepec on old road to Jalapa","wild"
"166","Cucurbita_okeechobeensis_subsp._martinezii",19.5,-96.95,"GBIF","H","CNS-UT","1422128766","1422128766","PRESERVED_SPECIMEN","Cucurbita","MX","2 Km SW of Xalapa  wild-growing and native in JardÃ­n BotÃ¡nico Clavijero","wild"
"167","Cucurbita_okeechobeensis_subsp._martinezii",19.5,-96.95,"GBIF","H","MO","1259706953","1259706953","PRESERVED_SPECIMEN","Cucurbita","MX","Mun. Xalapa  2 km. SW of Xalapa  wild growing and native in Jardin Botanico Clavijero. voucher: M.Nee 28831 at BH CAS  CHAPA  F  G K  MO  NY  WIS  XAL.","wild"
"168","Cucurbita_okeechobeensis_subsp._martinezii",19.5,-96.91667,"GBIF","H","USA016","40612460","40612460","UNKNOWN","Cucurbita","MX","On road between Xalapa and Coatepec  3.21km south of Instituto Nacional de Investigaciones Sobre Recursos Bioticos  Veracruz.","wild"
"169","Cucurbita_okeechobeensis_subsp._martinezii",19.5,-96.91667,"GBIF","H","USA016","40612458","40612458","UNKNOWN","Cucurbita","MX","On highway 140  2km SE of Xalopa towards Veracruz  Veracruz.","wild"
"170","Cucurbita_okeechobeensis_subsp._martinezii",19.5,-96.916667,"GBIF","H","USDA_NPGS_GRIN","1304964667","1304964667","UNKNOWN","Cucurbita","MX","","wild"
"171","Cucurbita_okeechobeensis_subsp._martinezii",19.5,-96.916667,"GBIF","H","USDA_NPGS_GRIN","1304964658","1304964658","UNKNOWN","Cucurbita","MX","","wild"
"172","Cucurbita_okeechobeensis_subsp._martinezii",19.5025,-96.95,"GBIF","H","MO","1259336852","1259336852","PRESERVED_SPECIMEN","Cucurbita","MX","Bosque Caducifolio. Common in places in thickets along small stream  RÃ­o Sordo  at edge of the botanical garden  climbing over shrubs and to 6 m. or more into trees. This is a native species here and not cultivated nor an escape; it is said to be a commong weed in nearby coffee plantations and must be cut down. Foliage and stems with slightly stiff hairs  almost hispid but definetly not prickly; stem tips nodding.","wild"
"173","Cucurbita_okeechobeensis_subsp._martinezii",19.508333,-96.958333,"GBIF","H","CU","1421515340","1421515340","PRESERVED_SPECIMEN","Cucurbita","MX","Jardin BotÃ¡nico Clavijero  2 km SW of Xalapa on old road to Coatepec. RÃ­o Sordo.","wild"
"174","Cucurbita_okeechobeensis_subsp._martinezii",19.508333,-96.958333,"GBIF","H","CU","1418148597","1418148597","PRESERVED_SPECIMEN","Cucurbita","MX","Jardin BotÃ¡nico Clavijero  2 km SW of Xalapa on old road to Coatepec-RÃ­o Sordo","wild"
"175","Cucurbita_okeechobeensis_subsp._martinezii",19.508333,-96.941667,"GBIF","H","INECOL","1438857513","1438857513","PRESERVED_SPECIMEN","Cucurbita","MX","En la zona experimental del Jardin BotÃ¡nico Francisco Javier Clavijero","wild"
"176","Cucurbita_okeechobeensis_subsp._martinezii",19.508333,-96.941667,"GBIF","H","INECOL","1421514903","1421514903","PRESERVED_SPECIMEN","Cucurbita","MX","En la zona experimental del Jardin BotÃ¡nico Fco. Javier Clavijero.","wild"
"177","Cucurbita_okeechobeensis_subsp._martinezii",19.508333,-96.891667,"GBIF","H","CIFAP-INIFAP","1418146818","1418146818","PRESERVED_SPECIMEN","Cucurbita","MX","Coatepec  Totutla","wild"
"178","Cucurbita_okeechobeensis_subsp._martinezii",19.508333,-96.891667,"GBIF","H","CIRCE-CEBAJ-INIFAP","1421517237","1421517237","PRESERVED_SPECIMEN","Cucurbita","MX","Coatepec Totutla.","wild"
"179","Cucurbita_okeechobeensis_subsp._martinezii",19.511111,-96.946111,"GBIF","H","INECOL","1419278287","1419278287","PRESERVED_SPECIMEN","Cucurbita","MX","Zona Experimental del JardÃ­n BotÃ¡nico Francisco Javier Clavijero","wild"
"180","Cucurbita_okeechobeensis_subsp._martinezii",19.513056,-96.943611,"GBIF","H","INECOL","1419338420","1419338420","PRESERVED_SPECIMEN","Cucurbita","MX","JardÃ­n BotÃ¡nico Francisco Javier Clavijero  2.5 km carretera antigua Xalapa-Coatepec","wild"
"181","Cucurbita_okeechobeensis_subsp._martinezii",19.513056,-96.943611,"GBIF","H","INECOL","1419338269","1419338269","PRESERVED_SPECIMEN","Cucurbita","MX","JardÃ­n BotÃ¡nico Francisco Javier Clavijero  2.5 km carretera antigua Xalapa-Coatepec","wild"
"182","Cucurbita_okeechobeensis_subsp._martinezii",19.51666,-96.93333,"GBIF","H","MO","1259711231","1259711231","PRESERVED_SPECIMEN","Cucurbita","MX","Mun Xalapa  Jardin Botanico  INIREB  2.5k m. SW of southwest side of Xalapa along old road to Coatepec.","wild"
"183","Cucurbita_okeechobeensis_subsp._martinezii",19.516667,-96.941667,"GBIF","H","CNS-UT","1422142933","1422142933","PRESERVED_SPECIMEN","Cucurbita","MX","JardÃ­n BotÃ¡nico  INIREB  2.5 Km SW of SW side of Xalapa along rd to Coatepec","wild"
"184","Cucurbita_okeechobeensis_subsp._martinezii",19.516667,-96.941667,"GBIF","H","CU","1418149859","1418149859","PRESERVED_SPECIMEN","Cucurbita","MX","JardÃ­n BotÃ¡nico INIREB  2.5 km SW of southwest side of Xalapa  along road to Coatepec","wild"
"185","Cucurbita_okeechobeensis_subsp._martinezii",19.516667,-96.933333,"GBIF","H","USDA_NPGS_GRIN","1304964663","1304964663","UNKNOWN","Cucurbita","MX","","wild"
"186","Cucurbita_okeechobeensis_subsp._martinezii",19.51667,-96.93333,"GBIF","H","USA016","40612591","40612591","UNKNOWN","Cucurbita","MX","Cauducifolio. Tree and shrub  area  edge of Rio Sordo  along old road to Coatepec. Jardin Botanico  (INIREB)  2.5km SW of southwest side of Xalapa.","wild"
"187","Cucurbita_okeechobeensis_subsp._martinezii",19.525,-96.941667,"GBIF","H","CU","1421513052","1421513052","PRESERVED_SPECIMEN","Cucurbita","MX","JardÃ­n BotÃ¡nico INIREB  2.5 km SW of southwest side of Xalapa  along road to Coatepec.","wild"
"188","Cucurbita_okeechobeensis_subsp._martinezii",19.525,-96.941667,"GBIF","H","FMNH","1421515011","1421515011","PRESERVED_SPECIMEN","Cucurbita","MX","2 km SW of Xalapa on old road to Coatepec  across road from entrance to Jardin BotÃ¡nico to Coatepec.","wild"
"189","Cucurbita_okeechobeensis_subsp._martinezii",19.525,-96.941667,"GBIF","H","FMNH","1418149482","1418149482","PRESERVED_SPECIMEN","Cucurbita","MX","2 km SW of Xalapa on old road to Coatepec  across road from entrance to Jardin BotÃ¡nico to Coatepec","wild"
"190","Cucurbita_okeechobeensis_subsp._martinezii",19.541667,-96.941667,"GBIF","H","CIFAP-INIFAP","1418146294","1418146294","PRESERVED_SPECIMEN","Cucurbita","MX","Xalapa","wild"
"191","Cucurbita_okeechobeensis_subsp._martinezii",19.541667,-96.941667,"GBIF","H","CIFAP-INIFAP","1418146279","1418146279","PRESERVED_SPECIMEN","Cucurbita","MX","Xalapa","wild"
"192","Cucurbita_okeechobeensis_subsp._martinezii",19.541667,-96.941667,"GBIF","H","CIFAP-INIFAP","1418146274","1418146274","PRESERVED_SPECIMEN","Cucurbita","MX","Xalapa","wild"
"193","Cucurbita_okeechobeensis_subsp._martinezii",19.541667,-96.941667,"GBIF","H","CIFAP-INIFAP","1418146246","1418146246","PRESERVED_SPECIMEN","Cucurbita","MX","Xalapa","wild"
"194","Cucurbita_okeechobeensis_subsp._martinezii",19.5525,-96.94,"GBIF","H","CIB-UV","1418348043","1418348043","PRESERVED_SPECIMEN","Cucurbita","MX","Molino de San Roque - Cerro de Las Garzas.","wild"
"195","Cucurbita_okeechobeensis_subsp._martinezii",19.575,-96.908333,"GBIF","H","CIRCE-CEBAJ-INIFAP","1421512128","1421512128","PRESERVED_SPECIMEN","Cucurbita","MX","Xalapa.","wild"
"196","Cucurbita_okeechobeensis_subsp._martinezii",19.606776,-96.538926,"GBIF","H","USDA_NPGS","1304873582","1304873582","UNKNOWN","Cucurbita","MX","On road to Pintotepec  1 km S of Corral Falso","wild"
"197","Cucurbita_okeechobeensis_subsp._martinezii",19.641667,-96.983333,"GBIF","H","IBUNAM","1438859175","1438859175","PRESERVED_SPECIMEN","Cucurbita","MX","Barranca de Texolo  debajo del puente","wild"
"198","Cucurbita_okeechobeensis_subsp._martinezii",19.641667,-96.941667,"GBIF","H","CIFAP-INIFAP","1418148239","1418148239","PRESERVED_SPECIMEN","Cucurbita","MX","Rancho El Guayabo","wild"
"199","Cucurbita_okeechobeensis_subsp._martinezii",19.641667,-96.941667,"GBIF","H","CIFAP-INIFAP","1418146173","1418146173","PRESERVED_SPECIMEN","Cucurbita","MX","Crucero a la OrduÃ±a","wild"
"200","Cucurbita_okeechobeensis_subsp._martinezii",19.641667,-96.941667,"GBIF","H","CIRCE-CEBAJ-INIFAP","1421512834","1421512834","PRESERVED_SPECIMEN","Cucurbita","MX","Rancho El Guayabo.","wild"
"201","Cucurbita_okeechobeensis_subsp._martinezii",19.641667,-96.941667,"GBIF","H","CIRCE-CEBAJ-INIFAP","1421512774","1421512774","PRESERVED_SPECIMEN","Cucurbita","MX","Crucero a la OrduÃ±a.","wild"
"202","Cucurbita_okeechobeensis_subsp._martinezii",19.675,-96.925,"GBIF","H","CIFAP-INIFAP","1418149909","1418149909","PRESERVED_SPECIMEN","Cucurbita","MX","Xalapa  Coatepec","wild"
"203","Cucurbita_okeechobeensis_subsp._martinezii",19.675,-96.925,"GBIF","H","CIFAP-INIFAP","1418149891","1418149891","PRESERVED_SPECIMEN","Cucurbita","MX","Xalapa  Coatepec","wild"
"204","Cucurbita_okeechobeensis_subsp._martinezii",19.675,-96.925,"GBIF","H","CIRCE-CEBAJ-INIFAP","1421513227","1421513227","PRESERVED_SPECIMEN","Cucurbita","MX","Xalapa  Coatepec.","wild"
"205","Cucurbita_okeechobeensis_subsp._martinezii",19.675,-96.925,"GBIF","H","CIRCE-CEBAJ-INIFAP","1421512171","1421512171","PRESERVED_SPECIMEN","Cucurbita","MX","Xalapa.","wild"
"206","Cucurbita_okeechobeensis_subsp._martinezii",19.72,-96.39,"GBIF","H","Bioversity","1302293154","1302293154","UNKNOWN","Cucurbita","MX","","wild"
"207","Cucurbita_okeechobeensis_subsp._martinezii",19.72,-96.39,"GBIF","H","Bioversity","1302292275","1302292275","UNKNOWN","Cucurbita","MX","","wild"
"208","Cucurbita_okeechobeensis_subsp._martinezii",19.72855,-96.39402,"GBIF","G","ITAl001|MEX0068","1563635695","1563635695","LIVING_SPECIMEN","Cucurbita","MX","","wild"
"209","Cucurbita_okeechobeensis_subsp._martinezii",19.72855,-96.39402,"GBIF","G","ITAl001|MEX0068","1563600882","1563600882","LIVING_SPECIMEN","Cucurbita","MX","","wild"
"210","Cucurbita_okeechobeensis_subsp._martinezii",19.758333,-96.908333,"GBIF","H","CIRCE-CEBAJ-INIFAP","1421512173","1421512173","PRESERVED_SPECIMEN","Cucurbita","MX","Xalapa.","wild"
"211","Cucurbita_okeechobeensis_subsp._martinezii",19.758333,-96.875,"GBIF","H","CIRCE-CEBAJ-INIFAP","1421517290","1421517290","PRESERVED_SPECIMEN","Cucurbita","MX","Xalapa","wild"
"212","Cucurbita_okeechobeensis_subsp._martinezii",19.758333,-96.875,"GBIF","H","CIRCE-CEBAJ-INIFAP","1421517239","1421517239","PRESERVED_SPECIMEN","Cucurbita","MX","Xalapa.","wild"
"213","Cucurbita_okeechobeensis_subsp._martinezii",19.833056,-96.733333,"GBIF","H","INECOL","1419363231","1419363231","PRESERVED_SPECIMEN","Cucurbita","MX","Faldas del Cerro Amarillo  2 km despuÃ©s de Santa Rosa Sur","wild"
"214","Cucurbita_okeechobeensis_subsp._martinezii",19.841667,-96.725,"GBIF","H","FMNH","1421512078","1421512078","PRESERVED_SPECIMEN","Cucurbita","MX","En las faldas del Cerro Amarillo a 2 km de Santa Rosa Sur.","wild"
"215","Cucurbita_okeechobeensis_subsp._martinezii",19.841667,-96.725,"GBIF","H","FMNH","1418146451","1418146451","PRESERVED_SPECIMEN","Cucurbita","MX","En las faldas del Cerro Amarillo a 2 km de Santa Rosa Sur","wild"
"216","Cucurbita_okeechobeensis_subsp._martinezii",20.023611,-97.429167,"GBIF","H","EB-BUAP","1422298533","1422298533","PRESERVED_SPECIMEN","Cucurbita","MX","1 km al E de Tepango  camino Cuetzalan-Mazatepec.","wild"
"217","Cucurbita_okeechobeensis_subsp._martinezii",20.0617,-97.4707,"GBIF","H","US","1318202764","1318202764","PRESERVED_SPECIMEN","Cucurbita","MX","Road (575) Cuetzalan to San Antonio Rayon [Santiago Yancuictlalpan]","wild"
"218","Cucurbita_okeechobeensis_subsp._martinezii",20.21666,-98,"GBIF","H","MO","1259707312","1259707312","PRESERVED_SPECIMEN","Cucurbita","MX","Patoltecoya  ca 5 km NE of Huauchinango on road (hwy. Mex. 130) to Nuevo Necaxa.","wild"
"219","Cucurbita_okeechobeensis_subsp._martinezii",20.216667,-98,"GBIF","H","CNS-UT","1422273776","1422273776","PRESERVED_SPECIMEN","Cucurbita","MX","Patoltecoya  ca 5 Km NE of Huauchinango on rd (Hwy MÃ©x 130) to Nuevo Necaxa","wild"
"220","Cucurbita_okeechobeensis_subsp._martinezii",20.216667,-98,"GBIF","H","USDA_NPGS_GRIN","1304964689","1304964689","UNKNOWN","Cucurbita","MX","","wild"
"221","Cucurbita_okeechobeensis_subsp._martinezii",20.21667,-98,"GBIF","H","USA016","40612584","40612584","UNKNOWN","Cucurbita","MX","Along fence of garden  Patoltecoya  about 5km NE of Huauchinango on hwy 130  to Nuevo Necaxa  Municipal Huauchinango.","wild"
"222","Cucurbita_okeechobeensis_subsp._martinezii",20.225,-98.008333,"GBIF","H","CU","1421514363","1421514363","PRESERVED_SPECIMEN","Cucurbita","MX","Patoltecoya  ca. 5 km NE of Huauchinango on road (Hwy. MÃ©x.130) to Nuevo Necaxa.","wild"
"223","Cucurbita_okeechobeensis_subsp._martinezii",20.225,-98.008333,"GBIF","H","CU","1418145798","1418145798","PRESERVED_SPECIMEN","Cucurbita","MX","Patoltecoya  ca5 km NE of Huauchinango on road (Highway Mexico 130) to Nuevo Necaxa","wild"
"224","Cucurbita_okeechobeensis_subsp._martinezii",20.225,-98.008333,"GBIF","H","INECOL","1419307434","1419307434","PRESERVED_SPECIMEN","Cucurbita","MX","Patoltecoya  approximately 5 km NE of Huauchinango on road Hwy 130 to Nuevo Necaxa","wild"
"225","Cucurbita_okeechobeensis_subsp._martinezii",20.32076,-97.950023,"GBIF","H","USDA_NPGS","1304873539","1304873539","UNKNOWN","Cucurbita","MX","Roadside  Rio San Marcos  35 km W of Piedras Negras on Highway 130","wild"
"226","Cucurbita_okeechobeensis_subsp._martinezii",20.411667,-97.683333,"GBIF","H","CU","1418148806","1418148806","PRESERVED_SPECIMEN","Cucurbita","MX","Along RÃ­o San Marcos  3.5 km W of Piedras Negras  Jalpan","wild"
"227","Cucurbita_okeechobeensis_subsp._martinezii",20.411667,-97.683333,"GBIF","H","FMNH","1418148797","1418148797","PRESERVED_SPECIMEN","Cucurbita","MX","Along RÃ­o San Marcos  3.5 km W of Piedras Negras  Jalpan","wild"
"228","Cucurbita_okeechobeensis_subsp._martinezii",20.43,-97.8,"GBIF","H","NY","1097779404","1097779404","PRESERVED_SPECIMEN","Cucurbita","MX","Along RÃƒÂ­o San Marcos  3.5 km. W of Piedras Negras","wild"
"229","Cucurbita_okeechobeensis_subsp._martinezii",20.433333,-97.8,"GBIF","H","Bioversity","1304582368","1304582368","UNKNOWN","Cucurbita","MX","Along Ro San Marcos  3.5 km. W of Piedras Negras","wild"
"230","Cucurbita_okeechobeensis_subsp._martinezii",20.441667,-97.808333,"GBIF","H","CU","1421512928","1421512928","PRESERVED_SPECIMEN","Cucurbita","MX","Along RÃ­o San Marcos  3.5 km W of Piedras Negras.","wild"
"231","Cucurbita_okeechobeensis_subsp._martinezii",20.441667,-97.808333,"GBIF","H","FMNH","1421512952","1421512952","PRESERVED_SPECIMEN","Cucurbita","MX","Along RÃ­o San Marcos  3.5 km W of Piedras Negras.","wild"
"232","Cucurbita_okeechobeensis_subsp._martinezii",20.441667,-97.808333,"GBIF","H","INECOL","1419402308","1419402308","PRESERVED_SPECIMEN","Cucurbita","MX","Along RÃ­o San Marcos  3.5 km W of Piedras Negras","wild"
"233","Cucurbita_okeechobeensis_subsp._martinezii",20.621833,-98.836917,"GBIF","H","FESI-UNAM","1418234775","1418234775","PRESERVED_SPECIMEN","Cucurbita","MX","En Cocosingo  a 10 km de MetztitlÃ¡n camino hacia San CristÃ³bal.","wild"
"234","Cucurbita_okeechobeensis_subsp._martinezii",20.621833,-98.836917,"GBIF","H","FESI-UNAM","1418234656","1418234656","PRESERVED_SPECIMEN","Cucurbita","MX","En Cocosingo  a 10 km de MetztitlÃ¡n camino hacia San CristÃ³bal.","wild"
"235","Cucurbita_okeechobeensis_subsp._martinezii",20.691667,-97.808333,"GBIF","H","CU","1421515618","1421515618","PRESERVED_SPECIMEN","Cucurbita","MX","TajÃ­n.","wild"
"236","Cucurbita_okeechobeensis_subsp._martinezii",20.691667,-97.475,"GBIF","H","CU","1421512425","1421512425","PRESERVED_SPECIMEN","Cucurbita","MX","TajÃ­n.","wild"
"237","Cucurbita_okeechobeensis_subsp._martinezii",20.691667,-97.475,"GBIF","H","CU","1418148211","1418148211","PRESERVED_SPECIMEN","Cucurbita","MX","TajÃ­n","wild"
"238","Cucurbita_okeechobeensis_subsp._martinezii",20.691667,-97.475,"GBIF","H","CU","1418148179","1418148179","PRESERVED_SPECIMEN","Cucurbita","MX","TajÃ­n","wild"
"239","Cucurbita_okeechobeensis_subsp._martinezii",20.716667,-98.366667,"GBIF","H","USDA_NPGS_GRIN","1304964647","1304964647","UNKNOWN","Cucurbita","MX","","wild"
"240","Cucurbita_okeechobeensis_subsp._martinezii",20.71667,-98.36667,"GBIF","H","USA016","40612587","40612587","UNKNOWN","Cucurbita","MX","Disturbed subtropical forest  5km SW of Zontecomatlan on road to Zilacatipan.","wild"
"241","Cucurbita_okeechobeensis_subsp._martinezii",20.725,-98.375,"GBIF","H","CU","1438859367","1438859367","PRESERVED_SPECIMEN","Cucurbita","MX","5 km SW of ZontecomatlÃ¡n on road to ZilacatipÃ¡n","wild"
"242","Cucurbita_okeechobeensis_subsp._martinezii",20.725,-98.375,"GBIF","H","CU","1421514410","1421514410","PRESERVED_SPECIMEN","Cucurbita","MX","5 km SW of ZontecomatlÃ¡n on road to ZilacatipÃ¡n.","wild"
"243","Cucurbita_okeechobeensis_subsp._martinezii",20.8,-105.416667,"GBIF","H","INECOL","1419286030","1419286030","PRESERVED_SPECIMEN","Cucurbita","MX","La Cumbre en la Sierra de Vallejo  Huanacaxtle-Higuera Blanca","wild"
"244","Cucurbita_okeechobeensis_subsp._martinezii",20.806389,-105.248056,"GBIF","H","INECOL","1419417501","1419417501","PRESERVED_SPECIMEN","Cucurbita","MX","BahÃ­a de Banderas","wild"
"245","Cucurbita_okeechobeensis_subsp._martinezii",20.808333,-97.691667,"GBIF","H","CU","1421512734","1421512734","PRESERVED_SPECIMEN","Cucurbita","MX","1 km N of Miquetla  13 km S of El Alamo.","wild"
"246","Cucurbita_okeechobeensis_subsp._martinezii",20.808333,-97.691667,"GBIF","H","CU","1418149007","1418149007","PRESERVED_SPECIMEN","Cucurbita","MX","1 km N of Miquetla  13 km S of El Alamo","wild"
"247","Cucurbita_okeechobeensis_subsp._martinezii",20.83333,-97.68333,"GBIF","H","USA016","40612585","40612585","UNKNOWN","Cucurbita","MX","Vines in orange trees next to stream bank  about 7km S of Alamo  1 km S of La Concepcion on road to Ticontlan  Municipal Alamo.","wild"
"248","Cucurbita_okeechobeensis_subsp._martinezii",20.833333,-97.683333,"GBIF","H","USDA_NPGS_GRIN","1304964676","1304964676","UNKNOWN","Cucurbita","MX","","wild"
"249","Cucurbita_okeechobeensis_subsp._martinezii",20.841667,-97.691667,"GBIF","H","CU","1421514562","1421514562","PRESERVED_SPECIMEN","Cucurbita","MX","Ca. 7 km S of El Alamo  1 km S of La ConcepciÃ³n on road to TicontlÃ¡n.","wild"
"250","Cucurbita_okeechobeensis_subsp._martinezii",20.841667,-97.691667,"GBIF","H","CU","1418146481","1418146481","PRESERVED_SPECIMEN","Cucurbita","MX","ca. 7 km S of El Alamo  1 km S of La ConcepciÃ³n on road to TicontlÃ¡n","wild"
"251","Cucurbita_okeechobeensis_subsp._martinezii",21.133333,-99.533333,"GBIF","H","INECOL","1419293814","1419293814","PRESERVED_SPECIMEN","Cucurbita","MX","1 km al E de San Onofre","wild"
"252","Cucurbita_okeechobeensis_subsp._martinezii",21.208056,-99.044556,"GBIF","H","INECOL","1439110792","1439110792","UNKNOWN","Cucurbita","MX","1 km al oriente de San Onofre","wild"
"253","Cucurbita_okeechobeensis_subsp._martinezii",21.209722,-99.053611,"GBIF","H","INECOL","1421046041","1421046041","PRESERVED_SPECIMEN","Cucurbita","MX","UN KM AL ORIENTE DE SAN ONOFRE","wild"
"254","Cucurbita_okeechobeensis_subsp._martinezii",21.210833,-99.060722,"GBIF","H","FCN-UAQ","1418332822","1418332822","PRESERVED_SPECIMEN","Cucurbita","MX","1 km al Oriente de San Onofre","wild"
"255","Cucurbita_okeechobeensis_subsp._martinezii",21.215278,-99.086944,"GBIF","H","INECOL","1418147552","1418147552","PRESERVED_SPECIMEN","Cucurbita","MX","1 km al oriente de San Onofre","wild"
"256","Cucurbita_okeechobeensis_subsp._martinezii",21.215833,-99.091389,"GBIF","H","INECOL","1438860120","1438860120","PRESERVED_SPECIMEN","Cucurbita","MX","Dentro del poblado de San Onofre","wild"
"257","Cucurbita_okeechobeensis_subsp._martinezii",21.241667,-99.120556,"GBIF","H","INECOL","1421015616","1421015616","PRESERVED_SPECIMEN","Cucurbita","MX","Â± 500 M AL SE DE RIO VERDITO  MPIO. LANDA  QRO.","wild"
"258","Cucurbita_okeechobeensis_subsp._martinezii",21.24696,-99.11961,"GBIF","H","FCN-UAQ","1418309073","1418309073","PRESERVED_SPECIMEN","Cucurbita","MX","500 m al SE de RÃ­o Verdito  por el camino a Agua Zarca","wild"
"259","Cucurbita_okeechobeensis_subsp._martinezii",21.266667,-98.8,"GBIF","H","USDA_NPGS_GRIN","1304964644","1304964644","UNKNOWN","Cucurbita","MX","","wild"
"260","Cucurbita_okeechobeensis_subsp._martinezii",21.26667,-98.8,"GBIF","H","USA016","40612582","40612582","UNKNOWN","Cucurbita","MX","Along wooded bank  1 km WSW of Tamazunchale along Rio Moctezuma  Municipal Tamazunchale.","wild"
"261","Cucurbita_okeechobeensis_subsp._martinezii",21.275,-98.808333,"GBIF","H","CU","1438858678","1438858678","PRESERVED_SPECIMEN","Cucurbita","MX","1 km WSW of Tamazunchale  along RÃ­o Moctezuma","wild"
"262","Cucurbita_okeechobeensis_subsp._martinezii",21.275,-98.808333,"GBIF","H","CU","1421514646","1421514646","PRESERVED_SPECIMEN","Cucurbita","MX","1 km WSW of Tamazunchale along RÃ­o Moctezuma.","wild"
"263","Cucurbita_okeechobeensis_subsp._martinezii",21.345,-98.22611,"GBIF","H","HU","1421516900","1421516900","PRESERVED_SPECIMEN","Cucurbita","MX","Prov. Huasteca. Wartenberg  near Tantoyuca.","wild"
"264","Cucurbita_okeechobeensis_subsp._martinezii",21.358333,-98.241667,"GBIF","H","HU","1438858250","1438858250","PRESERVED_SPECIMEN","Cucurbita","MX","Wartenberg  near Tantoyuca  Provincia Huasteca","wild"
"265","Cucurbita_okeechobeensis_subsp._martinezii",21.366667,-98.35,"GBIF","H","USDA_NPGS_GRIN","1304964692","1304964692","UNKNOWN","Cucurbita","MX","","wild"
"266","Cucurbita_okeechobeensis_subsp._martinezii",21.36667,-98.35,"GBIF","H","USA016","40612590","40612590","UNKNOWN","Cucurbita","MX","Throughout area thickets along stream banks  about 10km N of Platon Sanchez between Las Mesas de San Gabriel and El Palmar.","wild"
"267","Cucurbita_okeechobeensis_subsp._martinezii",21.375,-98.358333,"GBIF","H","CU","1421512890","1421512890","PRESERVED_SPECIMEN","Cucurbita","MX","Ca. 10 km N of PlatÃ³n Sanchez  between Las Mesas de San Gabriel and El Palmar.","wild"
"268","Cucurbita_okeechobeensis_subsp._martinezii",21.375,-98.358333,"GBIF","H","CU","1418146177","1418146177","PRESERVED_SPECIMEN","Cucurbita","MX","ca. 10 km N of PlatÃ³n Sanchez  between Las Mesas de San Gabriel and El Palmar","wild"
"269","Cucurbita_okeechobeensis_subsp._martinezii",21.427996,-99.062298,"GBIF","H","USDA_NPGS","1304873560","1304873560","UNKNOWN","Cucurbita","MX","Roadside  on overgrown slope near soccer field","wild"
"270","Cucurbita_okeechobeensis_subsp._martinezii",21.468889,-98.951667,"GBIF","H","NY","1098252517","1098252517","PRESERVED_SPECIMEN","Cucurbita","MX","Gourd found floating in RÃƒÂ­o Huichyhuan (before it turns into RÃƒÂ­o Axtla) near toen of Chimalaco (south of Cd. Valles) on Hwy 85  road marker #35","wild"
"271","Cucurbita_okeechobeensis_subsp._martinezii",21.468889,-98.951667,"GBIF","H","NY","1097897188","1097897188","PRESERVED_SPECIMEN","Cucurbita","MX","Gourd found floating in RÃƒÂ­o Huichyhuan (before it turns into RÃƒÂ­o Axtla) near toen of Chimalaco (south of Cd. Valles) on Hwy 85  road marker #35","wild"
"272","Cucurbita_okeechobeensis_subsp._martinezii",21.468889,-98.951667,"GBIF","H","Bioversity","1304589140","1304589140","UNKNOWN","Cucurbita","MX","Gourd found floating in Ro Huichyhuan (before it turns into Ro Axtla) near toen of Chimalaco (south of Cd. Valles) on Hwy 85  road marker #35","wild"
"273","Cucurbita_okeechobeensis_subsp._martinezii",21.468889,-98.951667,"GBIF","H","Bioversity","1304589134","1304589134","UNKNOWN","Cucurbita","MX","Gourd found floating in Ro Huichyhuan (before it turns into Ro Axtla) near toen of Chimalaco (south of Cd. Valles) on Hwy 85  road marker #35","wild"
"274","Cucurbita_okeechobeensis_subsp._martinezii",21.575,-98.825,"GBIF","H","IBUNAM","1438860114","1438860114","PRESERVED_SPECIMEN","Cucurbita","MX","Tajinab","wild"
"275","Cucurbita_okeechobeensis_subsp._martinezii",21.575,-98.825,"GBIF","H","IBUNAM","1421512936","1421512936","PRESERVED_SPECIMEN","Cucurbita","MX","Tajinab.","wild"
"276","Cucurbita_okeechobeensis_subsp._martinezii",21.591667,-98.825,"GBIF","H","CIFAP-INIFAP","1418148077","1418148077","PRESERVED_SPECIMEN","Cucurbita","MX","La Esperanza","wild"
"277","Cucurbita_okeechobeensis_subsp._martinezii",21.591667,-98.825,"GBIF","H","CIRCE-CEBAJ-INIFAP","1421517026","1421517026","PRESERVED_SPECIMEN","Cucurbita","MX","La Esperanza.","wild"
"278","Cucurbita_okeechobeensis_subsp._martinezii",21.624566,-99.04338,"GBIF","H","USDA_NPGS","1304873581","1304873581","UNKNOWN","Cucurbita","MX","Tancuime","wild"
"279","Cucurbita_okeechobeensis_subsp._martinezii",21.634719,-98.894439,"GBIF","H","CNS-UT","1422207267","1422207267","PRESERVED_SPECIMEN","Cucurbita","MX","Tanjasnec","wild"
"280","Cucurbita_okeechobeensis_subsp._martinezii",21.664415,-98.846852,"GBIF","H","USDA_NPGS","1304873534","1304873534","UNKNOWN","Cucurbita","MX","Tanjasnec","wild"
"281","Cucurbita_okeechobeensis_subsp._martinezii",21.8,-99.299999,"GBIF","H","USDA_NPGS","1304873511","1304873511","UNKNOWN","Cucurbita","MX","Roadside  La Esperanza  12 km from the crossroad of Highway 85 and road to Tanquian","wild"
"282","Cucurbita_okeechobeensis_subsp._martinezii",21.827472,-104.807278,"GBIF","H","IBUNAM","1421494668","1421494668","PRESERVED_SPECIMEN","Cucurbita","MX","Alrededores de La Cortina","wild"
"283","Cucurbita_okeechobeensis_subsp._martinezii",22.058333,-101.175,"GBIF","H","IBUNAM","1438859288","1438859288","PRESERVED_SPECIMEN","Cucurbita","MX","San Antonio Tanjasnec","wild"
"284","Cucurbita_okeechobeensis_subsp._martinezii",22.058333,-101.175,"GBIF","H","IBUNAM","1421513531","1421513531","PRESERVED_SPECIMEN","Cucurbita","MX","San Antonio Tanjasmec.","wild"
"285","Cucurbita_okeechobeensis_subsp._martinezii",22.283,-97.866,"GBIF","H","MOBOT","370354891","370354891","UNKNOWN","Cucurbita","MX","Vicinity of Tampico","wild"
"286","Cucurbita_okeechobeensis_subsp._martinezii",22.291667,-97.875,"GBIF","H","MOBOT","1423381262","1423381262","PRESERVED_SPECIMEN","Cucurbita","MX","Vicinity of Tampico","wild"
"287","Cucurbita_okeechobeensis_subsp._martinezii",22.325,-97.891667,"GBIF","H","FMNH","1421513695","1421513695","PRESERVED_SPECIMEN","Cucurbita","MX","Vicinity of Tampico.","wild"
"288","Cucurbita_okeechobeensis_subsp._martinezii",22.325,-97.891667,"GBIF","H","FMNH","1418148904","1418148904","PRESERVED_SPECIMEN","Cucurbita","MX","Vicinity of Tampico","wild"
"289","Cucurbita_okeechobeensis_subsp._martinezii",21.26666667,-98.8,"USDA_NPGS_GRIN","G","S9","PI 532363","PI 532363","ACTIVE","Cucurbita","Mexico","Along wooded bank  1 km WSW of Tamazunchale along Rio Moctezuma  Municipal Tamazunchale.","WILD"
"290","Cucurbita_okeechobeensis_subsp._martinezii",20.71666667,-98.36666667,"USDA_NPGS_GRIN","G","S9","PI 532366","PI 532366","ACTIVE","Cucurbita","Mexico","Disturbed subtropical forest  5km SW of Zontecomatlan on road to Zilacatipan.","WILD"
"291","Cucurbita_okeechobeensis_subsp._martinezii",21.36666667,-98.35,"USDA_NPGS_GRIN","G","S9","PI 532367","PI 532367","ACTIVE","Cucurbita","Mexico","Throughout area thickets along stream banks  about 10km N of Platon Sanchez between Las Mesas de San Gabriel and El Palmar.","WILD"
"292","Cucurbita_okeechobeensis_subsp._martinezii",20.21666667,-98,"USDA_NPGS_GRIN","G","S9","PI 532364","PI 532364","ACTIVE","Cucurbita","Mexico","Along fence of garden  Patoltecoya  about 5km NE of Huauchinango on hwy 130  to Nuevo Necaxa  Municipal Huauchinango.","WILD"
"293","Cucurbita_okeechobeensis_subsp._martinezii",20.83333333,-97.68333333,"USDA_NPGS_GRIN","G","S9","PI 532365","PI 532365","ACTIVE","Cucurbita","Mexico","Vines in orange trees next to stream bank  about 7km S of Alamo  1 km S of La Concepcion on road to Ticontlan  Municipal Alamo.","WILD"
"294","Cucurbita_okeechobeensis_subsp._martinezii",18.91666667,-97,"USDA_NPGS_GRIN","G","S9","PI 438698","PI 438698","ACTIVE","Cucurbita","Mexico","Along road at edge Fortin de las Flores  Veracruz",""
"295","Cucurbita_okeechobeensis_subsp._martinezii",19.51666667,-96.93333333,"USDA_NPGS_GRIN","G","S9","PI 532368","PI 532368","ACTIVE","Cucurbita","Mexico","Cauducifolio. Tree and shrub  area  edge of Rio Sordo  along old road to Coatepec. Jardin Botanico  (INIREB)  2.5km SW of southwest side of Xalapa.","WILD"
"296","Cucurbita_okeechobeensis_subsp._martinezii",19.5,-96.91666667,"USDA_NPGS_GRIN","G","S9","PI 512104","PI 512104","ACTIVE","Cucurbita","Mexico","On road between Xalapa and Coatepec  3.21km south of Instituto Nacional de Investigaciones Sobre Recursos Bioticos  Veracruz.","WILD"
"297","Cucurbita_okeechobeensis_subsp._martinezii",19.5,-96.91666667,"USDA_NPGS_GRIN","G","S9","PI 512103","PI 512103","ACTIVE","Cucurbita","Mexico","On highway 140  2km SE of Xalopa towards Veracruz  Veracruz.","WILD"
"298","Cucurbita_okeechobeensis_subsp._martinezii",19.45,-96.73333333,"USDA_NPGS_GRIN","G","S9","PI 532372","PI 532372","ACTIVE","Cucurbita","Mexico","Pasture  along fencerow and irrigation ditch  along hwy. Mex. 140  1 km SE of Corral Falso  Municipal Dos Rios.","WILD"
"299","Cucurbita_okeechobeensis_subsp._martinezii",17.33333333,-95.98333333,"USDA_NPGS_GRIN","G","S9","PI 532369","PI 532369","ACTIVE","Cucurbita","Mexico","Bottom of steep valley near rivers  disturbed edges of tropical forest  San Juan Comaltepec  Distrito Choapan.","WILD"
"300","Cucurbita_okeechobeensis_subsp._martinezii",16.95,-92.61666667,"USDA_NPGS_GRIN","G","S9","PI 532370","PI 532370","ACTIVE","Cucurbita","Mexico","Cultivated area  formerly forest  dead vines in roadside tree  5km WMW of Yabetclum  at turnoff to Las Limas  Municipal Chenalho.","WILD"
"301","Cucurbita_okeechobeensis_subsp._martinezii",17.21666667,-92.21666667,"USDA_NPGS_GRIN","G","S9","PI 532371","PI 532371","ACTIVE","Cucurbita","Mexico","Grassy dump in lowland marsh behind houses  La Cancha  17km NW of Ocosingo.","WILD"
